vocabPrefix,domain,uri version
SAN,IoT,https://lov.linkeddata.es/dataset/lov/vocabs/SAN/versions/2016-02-26.n3
SAN,Support,https://lov.linkeddata.es/dataset/lov/vocabs/SAN/versions/2016-02-26.n3
acco,eBusiness,https://lov.linkeddata.es/dataset/lov/vocabs/acco/versions/2013-03-25.n3
acl,API,https://lov.linkeddata.es/dataset/lov/vocabs/acl/versions/2012-12-18.n3
acm,Catalogs,https://lov.linkeddata.es/dataset/lov/vocabs/acm/versions/2013-04-25.n3
acrt,Quality,https://lov.linkeddata.es/dataset/lov/vocabs/acrt/versions/2014-01-23.n3
adms,Metadata,https://lov.linkeddata.es/dataset/lov/vocabs/adms/versions/2015-07-22.n3
af,Music,https://lov.linkeddata.es/dataset/lov/vocabs/af/versions/2008-06-23.n3
agls,Metadata,https://lov.linkeddata.es/dataset/lov/vocabs/agls/versions/2010-06-30.n3
agr,Contracts,https://lov.linkeddata.es/dataset/lov/vocabs/agr/versions/2017-10-09.n3
agr,Government,https://lov.linkeddata.es/dataset/lov/vocabs/agr/versions/2017-10-09.n3
agrelon,People,https://lov.linkeddata.es/dataset/lov/vocabs/agrelon/versions/2018-10-16.n3
aiiso,Academy,https://lov.linkeddata.es/dataset/lov/vocabs/aiiso/versions/2008-09-25.n3
airs,Services,https://lov.linkeddata.es/dataset/lov/vocabs/airs/versions/2015-02-15.n3
akt,Society,https://lov.linkeddata.es/dataset/lov/vocabs/akt/versions/2003-02-10.n3
akts,Support,https://lov.linkeddata.es/dataset/lov/vocabs/akts/versions/2003-02-10.n3
algo,Security,https://lov.linkeddata.es/dataset/lov/vocabs/algo/versions/2015-01-11.n3
am,PLM,https://lov.linkeddata.es/dataset/lov/vocabs/am/versions/2012-08-24.n3
aml,Industry,https://lov.linkeddata.es/dataset/lov/vocabs/aml/versions/2016-03-23.n3
aml,Support,https://lov.linkeddata.es/dataset/lov/vocabs/aml/versions/2016-03-23.n3
ao,Support,https://lov.linkeddata.es/dataset/lov/vocabs/ao/versions/2010-09-13.n3
aos,People,https://lov.linkeddata.es/dataset/lov/vocabs/aos/versions/2012-11-15.n3
api,RDF,https://lov.linkeddata.es/dataset/lov/vocabs/api/versions/2010-02-19.n3
apps4X,RDF,https://lov.linkeddata.es/dataset/lov/vocabs/apps4X/versions/2014-06-19.n3
arch,Catalogs,https://lov.linkeddata.es/dataset/lov/vocabs/arch/versions/2012-07-03.n3
arp,Geography,https://lov.linkeddata.es/dataset/lov/vocabs/arp/versions/2018-01-15.n3
arp,Geometry,https://lov.linkeddata.es/dataset/lov/vocabs/arp/versions/2018-01-15.n3
atd,IoT,https://lov.linkeddata.es/dataset/lov/vocabs/atd/versions/2018-03-28.n3
atd,Transport,https://lov.linkeddata.es/dataset/lov/vocabs/atd/versions/2018-03-28.n3
atm,Transport,https://lov.linkeddata.es/dataset/lov/vocabs/atm/versions/2018-03-28.n3
atm,Travel,https://lov.linkeddata.es/dataset/lov/vocabs/atm/versions/2018-03-28.n3
atts,Geography,https://lov.linkeddata.es/dataset/lov/vocabs/atts/versions/2018-03-28.n3
atts,Geometry,https://lov.linkeddata.es/dataset/lov/vocabs/atts/versions/2018-03-28.n3
atts,IoT,https://lov.linkeddata.es/dataset/lov/vocabs/atts/versions/2018-03-28.n3
atts,Time,https://lov.linkeddata.es/dataset/lov/vocabs/atts/versions/2018-03-28.n3
awol,API,https://lov.linkeddata.es/dataset/lov/vocabs/awol/versions/2006-06-26.n3
aws,Environment,https://lov.linkeddata.es/dataset/lov/vocabs/aws/versions/2011-06-20.n3
aws,IoT,https://lov.linkeddata.es/dataset/lov/vocabs/aws/versions/2011-06-20.n3
aws,Methods,https://lov.linkeddata.es/dataset/lov/vocabs/aws/versions/2011-06-20.n3
bag,Geography,https://lov.linkeddata.es/dataset/lov/vocabs/bag/versions/2018-05-02.n3
basic,Methods,https://lov.linkeddata.es/dataset/lov/vocabs/basic/versions/2013-11-14.n3
bbc,Press,https://lov.linkeddata.es/dataset/lov/vocabs/bbc/versions/2015-03-19.n3
bbccms,API,https://lov.linkeddata.es/dataset/lov/vocabs/bbccms/versions/2016-02-01.n3
bbccore,General & Upper,https://lov.linkeddata.es/dataset/lov/vocabs/bbccore/versions/2016-05-10.n3
bbcprov,Quality,https://lov.linkeddata.es/dataset/lov/vocabs/bbcprov/versions/2015-08-11.n3
bci,IoT,https://lov.linkeddata.es/dataset/lov/vocabs/bci/versions/2016-10-13.n3
being,Multimedia,https://lov.linkeddata.es/dataset/lov/vocabs/being/versions/2013-09-19.n3
bevon,Food,https://lov.linkeddata.es/dataset/lov/vocabs/bevon/versions/2015-07-23.n3
bf,Catalogs,https://lov.linkeddata.es/dataset/lov/vocabs/bf/versions/2019-01-09.n3
bibo,Catalogs,https://lov.linkeddata.es/dataset/lov/vocabs/bibo/versions/2009-11-04.n3
bibtex,Catalogs,https://lov.linkeddata.es/dataset/lov/vocabs/bibtex/versions/2003-12-29.n3
bio,People,https://lov.linkeddata.es/dataset/lov/vocabs/bio/versions/2011-06-14.n3
biol,Biology,https://lov.linkeddata.es/dataset/lov/vocabs/biol/versions/2008-10-06.n3
biopax,Biology,https://lov.linkeddata.es/dataset/lov/vocabs/biopax/versions/2010-07-20.n3
biotop,Biology,https://lov.linkeddata.es/dataset/lov/vocabs/biotop/versions/2012-04-24.n3
biro,SPAR,https://lov.linkeddata.es/dataset/lov/vocabs/biro/versions/2013-05-11.n3
blt,Catalogs,https://lov.linkeddata.es/dataset/lov/vocabs/blt/versions/2013-10-03.n3
bot,Catalogs,https://lov.linkeddata.es/dataset/lov/vocabs/bot/versions/2017-04-01.n3
bot,Services,https://lov.linkeddata.es/dataset/lov/vocabs/bot/versions/2017-04-01.n3
botany,Biology,https://lov.linkeddata.es/dataset/lov/vocabs/botany/versions/2009-03-18.n3
bperson,People,https://lov.linkeddata.es/dataset/lov/vocabs/bperson/versions/2017-03-31.n3
bperson,Society,https://lov.linkeddata.es/dataset/lov/vocabs/bperson/versions/2017-03-31.n3
br,Society,https://lov.linkeddata.es/dataset/lov/vocabs/br/versions/2011-07-09.n3
brk,Environment,https://lov.linkeddata.es/dataset/lov/vocabs/brk/versions/2018-03-29.n3
brk,Geography,https://lov.linkeddata.es/dataset/lov/vocabs/brk/versions/2018-03-29.n3
brt,Environment,https://lov.linkeddata.es/dataset/lov/vocabs/brt/versions/2018-03-29.n3
brt,Geography,https://lov.linkeddata.es/dataset/lov/vocabs/brt/versions/2018-03-29.n3
bto,Industry,https://lov.linkeddata.es/dataset/lov/vocabs/bto/versions/2017-10-27.n3
c4n,Contracts,https://lov.linkeddata.es/dataset/lov/vocabs/c4n/versions/2010-02-04.n3
c4o,SPAR,https://lov.linkeddata.es/dataset/lov/vocabs/c4o/versions/2013-05-11.n3
cal,Time,https://lov.linkeddata.es/dataset/lov/vocabs/cal/versions/2015-01-11.n3
cart,Geography,https://lov.linkeddata.es/dataset/lov/vocabs/cart/versions/2015-07-03.n3
cart,Geometry,https://lov.linkeddata.es/dataset/lov/vocabs/cart/versions/2015-07-03.n3
cbo,Image,https://lov.linkeddata.es/dataset/lov/vocabs/cbo/versions/2015-12-05.n3
cbo,Metadata,https://lov.linkeddata.es/dataset/lov/vocabs/cbo/versions/2015-12-05.n3
cbs,Geography,https://lov.linkeddata.es/dataset/lov/vocabs/cbs/versions/2018-05-02.n3
cbs,Government,https://lov.linkeddata.es/dataset/lov/vocabs/cbs/versions/2018-05-02.n3
cc,Metadata,https://lov.linkeddata.es/dataset/lov/vocabs/cc/versions/2008-03-03.n3
cci,Industry,https://lov.linkeddata.es/dataset/lov/vocabs/cci/versions/2018-05-23.n3
cci,Services,https://lov.linkeddata.es/dataset/lov/vocabs/cci/versions/2018-05-23.n3
cco,People,https://lov.linkeddata.es/dataset/lov/vocabs/cco/versions/2010-09-26.n3
ccp,Industry,https://lov.linkeddata.es/dataset/lov/vocabs/ccp/versions/2018-05-23.n3
ccp,Support,https://lov.linkeddata.es/dataset/lov/vocabs/ccp/versions/2018-05-23.n3
ccr,Geography,https://lov.linkeddata.es/dataset/lov/vocabs/ccr/versions/2018-05-23.n3
ccr,Industry,https://lov.linkeddata.es/dataset/lov/vocabs/ccr/versions/2018-05-23.n3
ccr,Services,https://lov.linkeddata.es/dataset/lov/vocabs/ccr/versions/2018-05-23.n3
ccsla,Services,https://lov.linkeddata.es/dataset/lov/vocabs/ccsla/versions/2018-05-23.n3
ccsla,Support,https://lov.linkeddata.es/dataset/lov/vocabs/ccsla/versions/2018-05-23.n3
cdm,RDF,https://lov.linkeddata.es/dataset/lov/vocabs/cdm/versions/2011-09-23.n3
cdtype,Catalogs,https://lov.linkeddata.es/dataset/lov/vocabs/cdtype/versions/2013-08-20.n3
ceo,Industry,https://lov.linkeddata.es/dataset/lov/vocabs/ceo/versions/2012-07-03.n3
cerif,General & Upper,https://lov.linkeddata.es/dataset/lov/vocabs/cerif/versions/2013-04-23.n3
cert,Quality,https://lov.linkeddata.es/dataset/lov/vocabs/cert/versions/2008-11-13.n3
cff,Environment,https://lov.linkeddata.es/dataset/lov/vocabs/cff/versions/2011-06-20.n3
cfp,Environment,https://lov.linkeddata.es/dataset/lov/vocabs/cfp/versions/2011-06-20.n3
cfp,IoT,https://lov.linkeddata.es/dataset/lov/vocabs/cfp/versions/2011-06-20.n3
cfrl,eBusiness,https://lov.linkeddata.es/dataset/lov/vocabs/cfrl/versions/2014-09-01.n3
cgov,Government,https://lov.linkeddata.es/dataset/lov/vocabs/cgov/versions/2012-08-28.n3
chord,Music,https://lov.linkeddata.es/dataset/lov/vocabs/chord/versions/2007-10-25.n3
ci,Metadata,https://lov.linkeddata.es/dataset/lov/vocabs/ci/versions/2018-10-06.n3
cis,Events,https://lov.linkeddata.es/dataset/lov/vocabs/cis/versions/2016-03-30.n3
cis,Government,https://lov.linkeddata.es/dataset/lov/vocabs/cis/versions/2016-03-30.n3
cis,Multimedia,https://lov.linkeddata.es/dataset/lov/vocabs/cis/versions/2016-03-30.n3
cito,SPAR,https://lov.linkeddata.es/dataset/lov/vocabs/cito/versions/2018-02-16.n3
citof,SPAR,https://lov.linkeddata.es/dataset/lov/vocabs/citof/versions/2013-05-20.n3
cl,Multimedia,https://lov.linkeddata.es/dataset/lov/vocabs/cl/versions/2015-03-29.n3
cld,Catalogs,https://lov.linkeddata.es/dataset/lov/vocabs/cld/versions/2013-08-20.n3
cmo,General & Upper,https://lov.linkeddata.es/dataset/lov/vocabs/cmo/versions/2006-06-30.n3
cnt,RDF,https://lov.linkeddata.es/dataset/lov/vocabs/cnt/versions/2011-05-10.n3
co,Methods,https://lov.linkeddata.es/dataset/lov/vocabs/co/versions/2010-09-13.n3
cogs,RDF,https://lov.linkeddata.es/dataset/lov/vocabs/cogs/versions/2014-03-10.n3
cold,eBusiness,https://lov.linkeddata.es/dataset/lov/vocabs/cold/versions/2013-11-21.n3
coll,Support,https://lov.linkeddata.es/dataset/lov/vocabs/coll/versions/2012-03-19.n3
comm,Society,https://lov.linkeddata.es/dataset/lov/vocabs/comm/versions/2014-09-12.n3
con,People,https://lov.linkeddata.es/dataset/lov/vocabs/con/versions/2011-02-01.n3
conversion,RDF,https://lov.linkeddata.es/dataset/lov/vocabs/conversion/versions/2013-04-15.n3
coo,Industry,https://lov.linkeddata.es/dataset/lov/vocabs/coo/versions/2010-10-12.n3
coun,Geography,https://lov.linkeddata.es/dataset/lov/vocabs/coun/versions/2003-08-11.n3
cpa,Metadata,https://lov.linkeddata.es/dataset/lov/vocabs/cpa/versions/2009-06-02.n3
crm,General & Upper,https://lov.linkeddata.es/dataset/lov/vocabs/crm/versions/2012-12-17.n3
cro,Multimedia,https://lov.linkeddata.es/dataset/lov/vocabs/cro/versions/2014-06-19.n3
crsw,Academy,https://lov.linkeddata.es/dataset/lov/vocabs/crsw/versions/2006-05-03.n3
cs,Quality,https://lov.linkeddata.es/dataset/lov/vocabs/cs/versions/2009-05-18.n3
csp,Industry,https://lov.linkeddata.es/dataset/lov/vocabs/csp/versions/2011-06-29.n3
csvw,Vocabularies,https://lov.linkeddata.es/dataset/lov/vocabs/csvw/versions/2015-12-17.n3
csvw,W3C Rec,https://lov.linkeddata.es/dataset/lov/vocabs/csvw/versions/2015-12-17.n3
ct,Security,https://lov.linkeddata.es/dataset/lov/vocabs/ct/versions/2007-08-23.n3
ctag,Tag,https://lov.linkeddata.es/dataset/lov/vocabs/ctag/versions/2009-06-08.n3
ctorg,Government,https://lov.linkeddata.es/dataset/lov/vocabs/ctorg/versions/2013-04-24.n3
ctrl,Services,https://lov.linkeddata.es/dataset/lov/vocabs/ctrl/versions/2019-04-29.n3
ctxdesc,Metadata,https://lov.linkeddata.es/dataset/lov/vocabs/ctxdesc/versions/2015-09-17.n3
cwmo,Image,https://lov.linkeddata.es/dataset/lov/vocabs/cwmo/versions/2017-02-16.n3
cwmo,Multimedia,https://lov.linkeddata.es/dataset/lov/vocabs/cwmo/versions/2017-02-16.n3
cwork,Catalogs,https://lov.linkeddata.es/dataset/lov/vocabs/cwork/versions/2016-02-01.n3
cwrc,People,https://lov.linkeddata.es/dataset/lov/vocabs/cwrc/versions/2018-09-30.n3
cwrc,Society,https://lov.linkeddata.es/dataset/lov/vocabs/cwrc/versions/2018-09-30.n3
d2rq,RDF,https://lov.linkeddata.es/dataset/lov/vocabs/d2rq/versions/2012-03-12.n3
dady,RDF,https://lov.linkeddata.es/dataset/lov/vocabs/dady/versions/2010-01-27.n3
daia,Catalogs,https://lov.linkeddata.es/dataset/lov/vocabs/daia/versions/2011-12-15.n3
daq,Quality,https://lov.linkeddata.es/dataset/lov/vocabs/daq/versions/2015-04-01.n3
dataid,Metadata,https://lov.linkeddata.es/dataset/lov/vocabs/dataid/versions/2016-09-14.n3
date,Time,https://lov.linkeddata.es/dataset/lov/vocabs/date/versions/2005-05-11.n3
datex,Government,https://lov.linkeddata.es/dataset/lov/vocabs/datex/versions/2016-06-13.n3
datex,Services,https://lov.linkeddata.es/dataset/lov/vocabs/datex/versions/2016-06-13.n3
datex,Travel,https://lov.linkeddata.es/dataset/lov/vocabs/datex/versions/2016-06-13.n3
dave,General & Upper,https://lov.linkeddata.es/dataset/lov/vocabs/dave/versions/2017-11-30.n3
dave,Geometry,https://lov.linkeddata.es/dataset/lov/vocabs/dave/versions/2017-11-30.n3
dave,IoT,https://lov.linkeddata.es/dataset/lov/vocabs/dave/versions/2017-11-30.n3
dbm,Health,https://lov.linkeddata.es/dataset/lov/vocabs/dbm/versions/2014-09-01.n3
dbowl,Methods,https://lov.linkeddata.es/dataset/lov/vocabs/dbowl/versions/2016-03-01.n3
dbpedia-owl,General & Upper,https://lov.linkeddata.es/dataset/lov/vocabs/dbpedia-owl/versions/2016-05-21.n3
dbug,Methods,https://lov.linkeddata.es/dataset/lov/vocabs/dbug/versions/2011-02-15.n3
dcam,General & Upper,https://lov.linkeddata.es/dataset/lov/vocabs/dcam/versions/2012-06-14.n3
dcat,W3C Rec,https://lov.linkeddata.es/dataset/lov/vocabs/dcat/versions/2014-05-31.n3
dce,Metadata,https://lov.linkeddata.es/dataset/lov/vocabs/dce/versions/2012-06-14.n3
dcite,SPAR,https://lov.linkeddata.es/dataset/lov/vocabs/dcite/versions/2014-05-21.n3
dcndl,Metadata,https://lov.linkeddata.es/dataset/lov/vocabs/dcndl/versions/2011-12-01.n3
dcterms,Metadata,https://lov.linkeddata.es/dataset/lov/vocabs/dcterms/versions/2012-06-14.n3
dctype,General & Upper,https://lov.linkeddata.es/dataset/lov/vocabs/dctype/versions/2012-06-14.n3
decision,Support,https://lov.linkeddata.es/dataset/lov/vocabs/decision/versions/2012-04-18.n3
demlab,Health,https://lov.linkeddata.es/dataset/lov/vocabs/demlab/versions/2014-09-02.n3
deo,SPAR,https://lov.linkeddata.es/dataset/lov/vocabs/deo/versions/2015-07-03.n3
deps,Methods,https://lov.linkeddata.es/dataset/lov/vocabs/deps/versions/2013-07-31.n3
dicom,Health,https://lov.linkeddata.es/dataset/lov/vocabs/dicom/versions/2015-01-11.n3
dio,Methods,https://lov.linkeddata.es/dataset/lov/vocabs/dio/versions/2016-01-04.n3
dio,Services,https://lov.linkeddata.es/dataset/lov/vocabs/dio/versions/2016-01-04.n3
disco,Methods,https://lov.linkeddata.es/dataset/lov/vocabs/disco/versions/2013-09-30.n3
dita,RDF,https://lov.linkeddata.es/dataset/lov/vocabs/dita/versions/2014-08-03.n3
dk,Industry,https://lov.linkeddata.es/dataset/lov/vocabs/dk/versions/2018-02-14.n3
dk,Methods,https://lov.linkeddata.es/dataset/lov/vocabs/dk/versions/2018-02-14.n3
dk,Vocabularies,https://lov.linkeddata.es/dataset/lov/vocabs/dk/versions/2018-02-14.n3
dk,eBusiness,https://lov.linkeddata.es/dataset/lov/vocabs/dk/versions/2018-02-14.n3
dm2e,Metadata,https://lov.linkeddata.es/dataset/lov/vocabs/dm2e/versions/2015-01-20.n3
dnbt,Metadata,https://lov.linkeddata.es/dataset/lov/vocabs/dnbt/versions/2019-02-12.n3
doap,Society,https://lov.linkeddata.es/dataset/lov/vocabs/doap/versions/2012-01-04.n3
doc,Catalogs,https://lov.linkeddata.es/dataset/lov/vocabs/doc/versions/2006-07-29.n3
doco,SPAR,https://lov.linkeddata.es/dataset/lov/vocabs/doco/versions/2015-07-03.n3
docso,Services,https://lov.linkeddata.es/dataset/lov/vocabs/docso/versions/2013-12-05.n3
dogont,Environment,https://lov.linkeddata.es/dataset/lov/vocabs/dogont/versions/2015-01-11.n3
dogont,IoT,https://lov.linkeddata.es/dataset/lov/vocabs/dogont/versions/2015-01-11.n3
donto,Government,https://lov.linkeddata.es/dataset/lov/vocabs/donto/versions/2015-06-19.n3
donto,Metadata,https://lov.linkeddata.es/dataset/lov/vocabs/donto/versions/2015-06-19.n3
dpn,Services,https://lov.linkeddata.es/dataset/lov/vocabs/dpn/versions/2015-08-05.n3
dpn,Support,https://lov.linkeddata.es/dataset/lov/vocabs/dpn/versions/2015-08-05.n3
dprov,Vocabularies,https://lov.linkeddata.es/dataset/lov/vocabs/dprov/versions/2017-09-01.n3
dq,Quality,https://lov.linkeddata.es/dataset/lov/vocabs/dq/versions/2014-08-28.n3
dqc,Quality,https://lov.linkeddata.es/dataset/lov/vocabs/dqc/versions/2011-03-28.n3
dqc,eBusiness,https://lov.linkeddata.es/dataset/lov/vocabs/dqc/versions/2011-03-28.n3
dqm,Quality,https://lov.linkeddata.es/dataset/lov/vocabs/dqm/versions/2011-10-09.n3
dqv,Quality,https://lov.linkeddata.es/dataset/lov/vocabs/dqv/versions/2016-08-26.n3
dr,Support,https://lov.linkeddata.es/dataset/lov/vocabs/dr/versions/2010-10-12.n3
drm,General & Upper,https://lov.linkeddata.es/dataset/lov/vocabs/drm/versions/2012-03-17.n3
ds,Catalogs,https://lov.linkeddata.es/dataset/lov/vocabs/ds/versions/2013-03-22.n3
dsn,RDF,https://lov.linkeddata.es/dataset/lov/vocabs/dsn/versions/2014-06-19.n3
dso,General & Upper,https://lov.linkeddata.es/dataset/lov/vocabs/dso/versions/2009-06-28.n3
dtype,RDF,https://lov.linkeddata.es/dataset/lov/vocabs/dtype/versions/2014-06-28.n3
dul,General & Upper,https://lov.linkeddata.es/dataset/lov/vocabs/dul/versions/2017-04-10.n3
duv,People,https://lov.linkeddata.es/dataset/lov/vocabs/duv/versions/2016-08-30.n3
duv,Society,https://lov.linkeddata.es/dataset/lov/vocabs/duv/versions/2016-08-30.n3
dvia,API,https://lov.linkeddata.es/dataset/lov/vocabs/dvia/versions/2013-10-09.n3
eac-cpf,Catalogs,https://lov.linkeddata.es/dataset/lov/vocabs/eac-cpf/versions/2013-02-18.n3
earl,Quality,https://lov.linkeddata.es/dataset/lov/vocabs/earl/versions/2011-05-10.n3
earth,Environment,https://lov.linkeddata.es/dataset/lov/vocabs/earth/versions/2016-06-13.n3
earth,Society,https://lov.linkeddata.es/dataset/lov/vocabs/earth/versions/2016-06-13.n3
ebucore,Multimedia,https://lov.linkeddata.es/dataset/lov/vocabs/ebucore/versions/2015-08-04.n3
eccrev,RDF,https://lov.linkeddata.es/dataset/lov/vocabs/eccrev/versions/2016-03-14.n3
eclap,Multimedia,https://lov.linkeddata.es/dataset/lov/vocabs/eclap/versions/2014-09-04.n3
ecpo,Press,https://lov.linkeddata.es/dataset/lov/vocabs/ecpo/versions/2014-08-07.n3
ecpo,Time,https://lov.linkeddata.es/dataset/lov/vocabs/ecpo/versions/2014-08-07.n3
ecrm,General & Upper,https://lov.linkeddata.es/dataset/lov/vocabs/ecrm/versions/2017-01-03.n3
edac,Catalogs,https://lov.linkeddata.es/dataset/lov/vocabs/edac/versions/2015-09-24.n3
edac,Support,https://lov.linkeddata.es/dataset/lov/vocabs/edac/versions/2015-09-24.n3
edm,Catalogs,https://lov.linkeddata.es/dataset/lov/vocabs/edm/versions/2013-05-20.n3
edupro,Academy,https://lov.linkeddata.es/dataset/lov/vocabs/edupro/versions/2016-09-13.n3
edupro,Support,https://lov.linkeddata.es/dataset/lov/vocabs/edupro/versions/2016-09-13.n3
eem,Events,https://lov.linkeddata.es/dataset/lov/vocabs/eem/versions/2013-07-16.n3
eepsa,Environment,https://lov.linkeddata.es/dataset/lov/vocabs/eepsa/versions/2018-02-25.n3
ei2a,Government,https://lov.linkeddata.es/dataset/lov/vocabs/ei2a/versions/2019-01-16.n3
ei2a,Vocabularies,https://lov.linkeddata.es/dataset/lov/vocabs/ei2a/versions/2019-01-16.n3
elec,Government,https://lov.linkeddata.es/dataset/lov/vocabs/elec/versions/2013-01-17.n3
eli,Contracts,https://lov.linkeddata.es/dataset/lov/vocabs/eli/versions/2018-05-23.n3
eli,FRBR,https://lov.linkeddata.es/dataset/lov/vocabs/eli/versions/2018-05-23.n3
emotion,People,https://lov.linkeddata.es/dataset/lov/vocabs/emotion/versions/2013-11-26.n3
emp,Society,https://lov.linkeddata.es/dataset/lov/vocabs/emp/versions/2013-09-03.n3
ends,API,https://lov.linkeddata.es/dataset/lov/vocabs/ends/versions/2011-02-24.n3
ep,Catalogs,https://lov.linkeddata.es/dataset/lov/vocabs/ep/versions/2010-10-20.n3
eppl,IoT,https://lov.linkeddata.es/dataset/lov/vocabs/eppl/versions/2019-03-06.n3
eppl,Methods,https://lov.linkeddata.es/dataset/lov/vocabs/eppl/versions/2019-03-06.n3
eqp,Industry,https://lov.linkeddata.es/dataset/lov/vocabs/eqp/versions/2018-03-28.n3
eqp,Transport,https://lov.linkeddata.es/dataset/lov/vocabs/eqp/versions/2018-03-28.n3
eqp,Travel,https://lov.linkeddata.es/dataset/lov/vocabs/eqp/versions/2018-03-28.n3
essglobal,Society,https://lov.linkeddata.es/dataset/lov/vocabs/essglobal/versions/2015-05-04.n3
event,Events,https://lov.linkeddata.es/dataset/lov/vocabs/event/versions/2007-10-25.n3
ex,Metadata,https://lov.linkeddata.es/dataset/lov/vocabs/ex/versions/2007-12-13.n3
exif,Image,https://lov.linkeddata.es/dataset/lov/vocabs/exif/versions/2003-08-19.n3
ext,Geometry,https://lov.linkeddata.es/dataset/lov/vocabs/ext/versions/2014-08-28.n3
fabio,SPAR,https://lov.linkeddata.es/dataset/lov/vocabs/fabio/versions/2019-02-19.n3
faldo,Geography,https://lov.linkeddata.es/dataset/lov/vocabs/faldo/versions/2012-09-07.n3
fea,Government,https://lov.linkeddata.es/dataset/lov/vocabs/fea/versions/2015-06-26.n3
fiesta-iot,IoT,https://lov.linkeddata.es/dataset/lov/vocabs/fiesta-iot/versions/2017-02-09.n3
foaf,People,https://lov.linkeddata.es/dataset/lov/vocabs/foaf/versions/2014-01-14.n3
foio,Events,https://lov.linkeddata.es/dataset/lov/vocabs/foio/versions/2016-07-01.n3
food,Food,https://lov.linkeddata.es/dataset/lov/vocabs/food/versions/2013-09-24.n3
fowl,Food,https://lov.linkeddata.es/dataset/lov/vocabs/fowl/versions/2013-02-23.n3
frad,FRBR,https://lov.linkeddata.es/dataset/lov/vocabs/frad/versions/2015-01-11.n3
frapo,Academy,https://lov.linkeddata.es/dataset/lov/vocabs/frapo/versions/2014-01-31.n3
frappe,Geography,https://lov.linkeddata.es/dataset/lov/vocabs/frappe/versions/2015-04-28.n3
frappe,Multimedia,https://lov.linkeddata.es/dataset/lov/vocabs/frappe/versions/2015-04-28.n3
frbr,FRBR,https://lov.linkeddata.es/dataset/lov/vocabs/frbr/versions/2009-05-16.n3
frbre,FRBR,https://lov.linkeddata.es/dataset/lov/vocabs/frbre/versions/2005-08-10.n3
frbrer,FRBR,https://lov.linkeddata.es/dataset/lov/vocabs/frbrer/versions/2015-07-14.n3
fresnel,RDF,https://lov.linkeddata.es/dataset/lov/vocabs/fresnel/versions/2015-01-11.n3
g50k,Geography,https://lov.linkeddata.es/dataset/lov/vocabs/g50k/versions/2015-01-11.n3
game,Games,https://lov.linkeddata.es/dataset/lov/vocabs/game/versions/2014-02-17.n3
gc,Government,https://lov.linkeddata.es/dataset/lov/vocabs/gc/versions/2009-08-24.n3
gci,Society,https://lov.linkeddata.es/dataset/lov/vocabs/gci/versions/2015-04-15.n3
gcon,People,https://lov.linkeddata.es/dataset/lov/vocabs/gcon/versions/2018-11-25.n3
gcon,Society,https://lov.linkeddata.es/dataset/lov/vocabs/gcon/versions/2018-11-25.n3
gd,Government,https://lov.linkeddata.es/dataset/lov/vocabs/gd/versions/2011-11-21.n3
gdprov,People,https://lov.linkeddata.es/dataset/lov/vocabs/gdprov/versions/2018-04-06.n3
gdprov,Quality,https://lov.linkeddata.es/dataset/lov/vocabs/gdprov/versions/2018-04-06.n3
gdprov,Society,https://lov.linkeddata.es/dataset/lov/vocabs/gdprov/versions/2018-04-06.n3
gdprt,Metadata,https://lov.linkeddata.es/dataset/lov/vocabs/gdprt/versions/2018-07-03.n3
gdprt,People,https://lov.linkeddata.es/dataset/lov/vocabs/gdprt/versions/2018-07-03.n3
gdprt,Society,https://lov.linkeddata.es/dataset/lov/vocabs/gdprt/versions/2018-07-03.n3
gen,People,https://lov.linkeddata.es/dataset/lov/vocabs/gen/versions/2015-01-11.n3
geo,Geography,https://lov.linkeddata.es/dataset/lov/vocabs/geo/versions/2009-04-20.n3
geod,Geography,https://lov.linkeddata.es/dataset/lov/vocabs/geod/versions/2012-10-11.n3
geof,Geography,https://lov.linkeddata.es/dataset/lov/vocabs/geof/versions/2004-02-20.n3
geofla,Geography,https://lov.linkeddata.es/dataset/lov/vocabs/geofla/versions/2015-01-11.n3
geom,Geometry,https://lov.linkeddata.es/dataset/lov/vocabs/geom/versions/2015-01-11.n3
geop,Geography,https://lov.linkeddata.es/dataset/lov/vocabs/geop/versions/2011-01-18.n3
geosp,Environment,https://lov.linkeddata.es/dataset/lov/vocabs/geosp/versions/2012-10-02.n3
gf,Geography,https://lov.linkeddata.es/dataset/lov/vocabs/gf/versions/2013-11-14.n3
gm,Geometry,https://lov.linkeddata.es/dataset/lov/vocabs/gm/versions/2013-11-14.n3
gml,Geometry,https://lov.linkeddata.es/dataset/lov/vocabs/gml/versions/2012-09-11.n3
gn,Geography,https://lov.linkeddata.es/dataset/lov/vocabs/gn/versions/2012-10-29.n3
gndo,Catalogs,https://lov.linkeddata.es/dataset/lov/vocabs/gndo/versions/2019-02-12.n3
gold,Vocabularies,https://lov.linkeddata.es/dataset/lov/vocabs/gold/versions/2010-01-01.n3
gov,Society,https://lov.linkeddata.es/dataset/lov/vocabs/gov/versions/2015-07-29.n3
gov,Time,https://lov.linkeddata.es/dataset/lov/vocabs/gov/versions/2015-07-29.n3
gr,eBusiness,https://lov.linkeddata.es/dataset/lov/vocabs/gr/versions/2011-10-01.n3
grddl,Vocabularies,https://lov.linkeddata.es/dataset/lov/vocabs/grddl/versions/2007-10-31.n3
gso,Support,https://lov.linkeddata.es/dataset/lov/vocabs/gso/versions/2009-04-20.n3
gsp,Geometry,https://lov.linkeddata.es/dataset/lov/vocabs/gsp/versions/2012-04-30.n3
gtfs,Travel,https://lov.linkeddata.es/dataset/lov/vocabs/gtfs/versions/2014-10-27.n3
gts,Time,https://lov.linkeddata.es/dataset/lov/vocabs/gts/versions/2017-04-28.n3
gvp,Vocabularies,https://lov.linkeddata.es/dataset/lov/vocabs/gvp/versions/2015-03-25.n3
h2o,Methods,https://lov.linkeddata.es/dataset/lov/vocabs/h2o/versions/2014-01-07.n3
ha,Environment,https://lov.linkeddata.es/dataset/lov/vocabs/ha/versions/2014-05-12.n3
hdo,Support,https://lov.linkeddata.es/dataset/lov/vocabs/hdo/versions/2013-04-25.n3
hifm,Biology,https://lov.linkeddata.es/dataset/lov/vocabs/hifm/versions/2014-04-01.n3
hifm,Health,https://lov.linkeddata.es/dataset/lov/vocabs/hifm/versions/2014-04-01.n3
holding,Catalogs,https://lov.linkeddata.es/dataset/lov/vocabs/holding/versions/2014-06-30.n3
hosp,Health,https://lov.linkeddata.es/dataset/lov/vocabs/hosp/versions/2015-09-30.n3
hr,API,https://lov.linkeddata.es/dataset/lov/vocabs/hr/versions/2013-10-23.n3
hto,Industry,https://lov.linkeddata.es/dataset/lov/vocabs/hto/versions/2016-10-20.n3
http,API,https://lov.linkeddata.es/dataset/lov/vocabs/http/versions/2011-04-29.n3
hw,Environment,https://lov.linkeddata.es/dataset/lov/vocabs/hw/versions/2014-05-12.n3
hw,IoT,https://lov.linkeddata.es/dataset/lov/vocabs/hw/versions/2014-05-12.n3
hydra,RDF,https://lov.linkeddata.es/dataset/lov/vocabs/hydra/versions/2015-01-11.n3
ibis,People,https://lov.linkeddata.es/dataset/lov/vocabs/ibis/versions/2018-02-22.n3
ibis,Society,https://lov.linkeddata.es/dataset/lov/vocabs/ibis/versions/2018-02-22.n3
ic,People,https://lov.linkeddata.es/dataset/lov/vocabs/ic/versions/2015-04-16.n3
idemo,Methods,https://lov.linkeddata.es/dataset/lov/vocabs/idemo/versions/2012-12-26.n3
identity,Security,https://lov.linkeddata.es/dataset/lov/vocabs/identity/versions/2014-04-03.n3
igeo,Geography,https://lov.linkeddata.es/dataset/lov/vocabs/igeo/versions/2015-01-11.n3
ignf,Geography,https://lov.linkeddata.es/dataset/lov/vocabs/ignf/versions/2016-06-28.n3
imo,Image,https://lov.linkeddata.es/dataset/lov/vocabs/imo/versions/2018-01-12.n3
incident,Methods,https://lov.linkeddata.es/dataset/lov/vocabs/incident/versions/2015-06-22.n3
infor,Support,https://lov.linkeddata.es/dataset/lov/vocabs/infor/versions/2011-01-30.n3
inno,Industry,https://lov.linkeddata.es/dataset/lov/vocabs/inno/versions/2012-07-22.n3
interval,Time,https://lov.linkeddata.es/dataset/lov/vocabs/interval/versions/2010-03-08.n3
iol,General & Upper,https://lov.linkeddata.es/dataset/lov/vocabs/iol/versions/2010-02-09.n3
iot-lite,Environment,https://lov.linkeddata.es/dataset/lov/vocabs/iot-lite/versions/2015-06-01.n3
iot-lite,IoT,https://lov.linkeddata.es/dataset/lov/vocabs/iot-lite/versions/2015-06-01.n3
ioto,IoT,https://lov.linkeddata.es/dataset/lov/vocabs/ioto/versions/2015-02-20.n3
ioto,Services,https://lov.linkeddata.es/dataset/lov/vocabs/ioto/versions/2015-02-20.n3
ipo,Methods,https://lov.linkeddata.es/dataset/lov/vocabs/ipo/versions/2015-07-30.n3
irw,Quality,https://lov.linkeddata.es/dataset/lov/vocabs/irw/versions/2009-03-09.n3
is,Services,https://lov.linkeddata.es/dataset/lov/vocabs/is/versions/2010-07-31.n3
isbd,Catalogs,https://lov.linkeddata.es/dataset/lov/vocabs/isbd/versions/2015-03-11.n3
isbd,Metadata,https://lov.linkeddata.es/dataset/lov/vocabs/isbd/versions/2015-03-11.n3
iso-thes,Vocabularies,https://lov.linkeddata.es/dataset/lov/vocabs/iso-thes/versions/2015-03-17.n3
iso37120,General & Upper,https://lov.linkeddata.es/dataset/lov/vocabs/iso37120/versions/2016-08-12.n3
iso37120,Society,https://lov.linkeddata.es/dataset/lov/vocabs/iso37120/versions/2016-08-12.n3
isoadr,Geography,https://lov.linkeddata.es/dataset/lov/vocabs/isoadr/versions/2017-11-27.n3
isoadr,Quality,https://lov.linkeddata.es/dataset/lov/vocabs/isoadr/versions/2017-11-27.n3
isoadr,Tag,https://lov.linkeddata.es/dataset/lov/vocabs/isoadr/versions/2017-11-27.n3
isoadr,Vocabularies,https://lov.linkeddata.es/dataset/lov/vocabs/isoadr/versions/2017-11-27.n3
ispra,Catalogs,https://lov.linkeddata.es/dataset/lov/vocabs/ispra/versions/2015-12-14.n3
ispra,Environment,https://lov.linkeddata.es/dataset/lov/vocabs/ispra/versions/2015-12-14.n3
istex,Academy,https://lov.linkeddata.es/dataset/lov/vocabs/istex/versions/2018-12-17.n3
istex,Metadata,https://lov.linkeddata.es/dataset/lov/vocabs/istex/versions/2018-12-17.n3
istex,Press,https://lov.linkeddata.es/dataset/lov/vocabs/istex/versions/2018-12-17.n3
itm,PLM,https://lov.linkeddata.es/dataset/lov/vocabs/itm/versions/2014-06-19.n3
itsmo,Services,https://lov.linkeddata.es/dataset/lov/vocabs/itsmo/versions/2012-11-04.n3
jup,Society,https://lov.linkeddata.es/dataset/lov/vocabs/jup/versions/2016-07-14.n3
juso,Geography,https://lov.linkeddata.es/dataset/lov/vocabs/juso/versions/2015-10-02.n3
juso,Geometry,https://lov.linkeddata.es/dataset/lov/vocabs/juso/versions/2015-10-02.n3
juso.kr,Geography,https://lov.linkeddata.es/dataset/lov/vocabs/juso.kr/versions/2015-10-07.n3
juso.kr,Geometry,https://lov.linkeddata.es/dataset/lov/vocabs/juso.kr/versions/2015-10-07.n3
kdo,Quality,https://lov.linkeddata.es/dataset/lov/vocabs/kdo/versions/2014-06-07.n3
kees,Industry,https://lov.linkeddata.es/dataset/lov/vocabs/kees/versions/2016-02-04.n3
kees,Services,https://lov.linkeddata.es/dataset/lov/vocabs/kees/versions/2016-02-04.n3
keys,Music,https://lov.linkeddata.es/dataset/lov/vocabs/keys/versions/2007-02-25.n3
km4c,Environment,https://lov.linkeddata.es/dataset/lov/vocabs/km4c/versions/2015-07-28.n3
km4c,Services,https://lov.linkeddata.es/dataset/lov/vocabs/km4c/versions/2015-07-28.n3
km4c,Society,https://lov.linkeddata.es/dataset/lov/vocabs/km4c/versions/2015-07-28.n3
label,Vocabularies,https://lov.linkeddata.es/dataset/lov/vocabs/label/versions/2004-03-28.n3
lawd,Catalogs,https://lov.linkeddata.es/dataset/lov/vocabs/lawd/versions/2014-09-03.n3
lcy,PLM,https://lov.linkeddata.es/dataset/lov/vocabs/lcy/versions/2008-06-03.n3
ldp,API,https://lov.linkeddata.es/dataset/lov/vocabs/ldp/versions/2015-02-26.n3
ldr,Contracts,https://lov.linkeddata.es/dataset/lov/vocabs/ldr/versions/2014-08-30.n3
ldvm,Methods,https://lov.linkeddata.es/dataset/lov/vocabs/ldvm/versions/2015-04-02.n3
lemon,Vocabularies,https://lov.linkeddata.es/dataset/lov/vocabs/lemon/versions/2016-07-13.n3
lexinfo,Vocabularies,https://lov.linkeddata.es/dataset/lov/vocabs/lexinfo/versions/2016-07-13.n3
lgdo,Geography,https://lov.linkeddata.es/dataset/lov/vocabs/lgdo/versions/2014-07-26.n3
li,Support,https://lov.linkeddata.es/dataset/lov/vocabs/li/versions/2014-08-13.n3
lib,Catalogs,https://lov.linkeddata.es/dataset/lov/vocabs/lib/versions/2012-06-18.n3
lifecycle,Services,https://lov.linkeddata.es/dataset/lov/vocabs/lifecycle/versions/2016-02-26.n3
limo,Methods,https://lov.linkeddata.es/dataset/lov/vocabs/limo/versions/2013-10-15.n3
limoo,Metadata,https://lov.linkeddata.es/dataset/lov/vocabs/limoo/versions/2013-05-20.n3
lingvo,Vocabularies,https://lov.linkeddata.es/dataset/lov/vocabs/lingvo/versions/2014-08-11.n3
lio,Image,https://lov.linkeddata.es/dataset/lov/vocabs/lio/versions/2014-05-16.n3
llont,Services,https://lov.linkeddata.es/dataset/lov/vocabs/llont/versions/2015-03-25.n3
lmm1,Vocabularies,https://lov.linkeddata.es/dataset/lov/vocabs/lmm1/versions/2010-02-09.n3
lmm2,Vocabularies,https://lov.linkeddata.es/dataset/lov/vocabs/lmm2/versions/2010-02-09.n3
loc,Geography,https://lov.linkeddata.es/dataset/lov/vocabs/loc/versions/2011-11-05.n3
locah,Catalogs,https://lov.linkeddata.es/dataset/lov/vocabs/locah/versions/2015-01-11.n3
locn,Geography,https://lov.linkeddata.es/dataset/lov/vocabs/locn/versions/2015-03-23.n3
locn,Geometry,https://lov.linkeddata.es/dataset/lov/vocabs/locn/versions/2015-03-23.n3
lode,Events,https://lov.linkeddata.es/dataset/lov/vocabs/lode/versions/2010-10-07.n3
log,RDF,https://lov.linkeddata.es/dataset/lov/vocabs/log/versions/2000-10-01.n3
lom,Metadata,https://lov.linkeddata.es/dataset/lov/vocabs/lom/versions/2015-03-30.n3
losp,Support,https://lov.linkeddata.es/dataset/lov/vocabs/losp/versions/2017-03-08.n3
losp,Tag,https://lov.linkeddata.es/dataset/lov/vocabs/losp/versions/2017-03-08.n3
loted,Contracts,https://lov.linkeddata.es/dataset/lov/vocabs/loted/versions/2012-07-03.n3
lsc,Methods,https://lov.linkeddata.es/dataset/lov/vocabs/lsc/versions/2011-11-29.n3
lslife,Services,https://lov.linkeddata.es/dataset/lov/vocabs/lslife/versions/2015-09-24.n3
lslife,Support,https://lov.linkeddata.es/dataset/lov/vocabs/lslife/versions/2015-09-24.n3
lsmap,Support,https://lov.linkeddata.es/dataset/lov/vocabs/lsmap/versions/2015-09-24.n3
lsq,Metadata,https://lov.linkeddata.es/dataset/lov/vocabs/lsq/versions/2015-09-07.n3
lsq,Support,https://lov.linkeddata.es/dataset/lov/vocabs/lsq/versions/2015-09-07.n3
lsweb,Metadata,https://lov.linkeddata.es/dataset/lov/vocabs/lsweb/versions/2015-09-24.n3
lswmo,Services,https://lov.linkeddata.es/dataset/lov/vocabs/lswmo/versions/2014-05-01.n3
lswmo,Support,https://lov.linkeddata.es/dataset/lov/vocabs/lswmo/versions/2014-05-01.n3
lswpm,Support,https://lov.linkeddata.es/dataset/lov/vocabs/lswpm/versions/2015-09-24.n3
ludo,Games,https://lov.linkeddata.es/dataset/lov/vocabs/ludo/versions/2016-05-10.n3
ludo-gm,Games,https://lov.linkeddata.es/dataset/lov/vocabs/ludo-gm/versions/2016-08-26.n3
ludo-gp,Games,https://lov.linkeddata.es/dataset/lov/vocabs/ludo-gm/versions/2016-08-26.n3
ludo-vc,Games,https://lov.linkeddata.es/dataset/lov/vocabs/ludo-vc/versions/2016-08-26.n3
ludo-xapi,API,https://lov.linkeddata.es/dataset/lov/vocabs/ludo-xapi/versions/2016-05-12.n3
lv,Catalogs,https://lov.linkeddata.es/dataset/lov/vocabs/lv/versions/2015-02-09.n3
lvont,Vocabularies,https://lov.linkeddata.es/dataset/lov/vocabs/lvont/versions/2014-01-29.n3
lyou,Multimedia,https://lov.linkeddata.es/dataset/lov/vocabs/lyou/versions/2012-12-01.n3
m3lite,IoT,https://lov.linkeddata.es/dataset/lov/vocabs/m3lite/versions/2017-07-29.n3
m3lite,Services,https://lov.linkeddata.es/dataset/lov/vocabs/m3lite/versions/2017-07-29.n3
ma-ont,Multimedia,https://lov.linkeddata.es/dataset/lov/vocabs/ma-ont/versions/2013-03-20.n3
mads,Metadata,https://lov.linkeddata.es/dataset/lov/vocabs/mads/versions/2015-10-28.n3
marl,Support,https://lov.linkeddata.es/dataset/lov/vocabs/marl/versions/2013-05-10.n3
maso,Security,https://lov.linkeddata.es/dataset/lov/vocabs/maso/versions/2013-05-03.n3
md,Geography,https://lov.linkeddata.es/dataset/lov/vocabs/md/versions/2014-08-28.n3
mdi,Multimedia,https://lov.linkeddata.es/dataset/lov/vocabs/mdi/versions/2016-06-28.n3
meb,Academy,https://lov.linkeddata.es/dataset/lov/vocabs/meb/versions/2013-03-26.n3
media,Multimedia,https://lov.linkeddata.es/dataset/lov/vocabs/media/versions/2008-07-09.n3
medred,Biology,https://lov.linkeddata.es/dataset/lov/vocabs/medred/versions/2017-05-08.n3
medred,Health,https://lov.linkeddata.es/dataset/lov/vocabs/medred/versions/2017-05-08.n3
mexalgo,Methods,https://lov.linkeddata.es/dataset/lov/vocabs/mexalgo/versions/2014-04-05.n3
mexcore,Methods,https://lov.linkeddata.es/dataset/lov/vocabs/mexcore/versions/2014-04-05.n3
mexperf,Methods,https://lov.linkeddata.es/dataset/lov/vocabs/mexperf/versions/2014-04-05.n3
mil,Society,https://lov.linkeddata.es/dataset/lov/vocabs/mil/versions/2015-07-05.n3
mls,Methods,https://lov.linkeddata.es/dataset/lov/vocabs/mls/versions/2016-10-17.n3
mls,Support,https://lov.linkeddata.es/dataset/lov/vocabs/mls/versions/2016-10-17.n3
mo,Music,https://lov.linkeddata.es/dataset/lov/vocabs/mo/versions/2013-07-22.n3
moac,Environment,https://lov.linkeddata.es/dataset/lov/vocabs/moac/versions/2012-01-29.n3
moat,Tag,https://lov.linkeddata.es/dataset/lov/vocabs/moat/versions/2008-01-15.n3
mod,Metadata,https://lov.linkeddata.es/dataset/lov/vocabs/mod/versions/2018-08-02.n3
mrel,Vocabularies,https://lov.linkeddata.es/dataset/lov/vocabs/mrel/versions/2014-06-03.n3
msm,API,https://lov.linkeddata.es/dataset/lov/vocabs/msm/versions/2014-09-03.n3
msr,Methods,https://lov.linkeddata.es/dataset/lov/vocabs/msr/versions/2009-06-06.n3
mtlo,Biology,https://lov.linkeddata.es/dataset/lov/vocabs/mtlo/versions/2014-08-02.n3
music,Events,https://lov.linkeddata.es/dataset/lov/vocabs/music/versions/2007-10-31.n3
muto,Tag,https://lov.linkeddata.es/dataset/lov/vocabs/muto/versions/2011-11-16.n3
mv,IoT,https://lov.linkeddata.es/dataset/lov/vocabs/mv/versions/2018-01-18.n3
mv,Services,https://lov.linkeddata.es/dataset/lov/vocabs/mv/versions/2018-01-18.n3
mv,Transport,https://lov.linkeddata.es/dataset/lov/vocabs/mv/versions/2018-01-18.n3
mvco,Multimedia,https://lov.linkeddata.es/dataset/lov/vocabs/mvco/versions/2010-05-07.n3
nao,SSDesk,https://lov.linkeddata.es/dataset/lov/vocabs/nao/versions/2013-08-28.n3
nas,Transport,https://lov.linkeddata.es/dataset/lov/vocabs/nas/versions/2018-03-28.n3
nas,Travel,https://lov.linkeddata.es/dataset/lov/vocabs/nas/versions/2018-03-28.n3
ncal,Time,https://lov.linkeddata.es/dataset/lov/vocabs/ncal/versions/2011-06-27.n3
nco,SSDesk,https://lov.linkeddata.es/dataset/lov/vocabs/nco/versions/2012-07-06.n3
nfo,SSDesk,https://lov.linkeddata.es/dataset/lov/vocabs/nfo/versions/2012-06-10.n3
ngeo,Geometry,https://lov.linkeddata.es/dataset/lov/vocabs/ngeo/versions/2012-02-05.n3
nie,SSDesk,https://lov.linkeddata.es/dataset/lov/vocabs/nie/versions/2012-10-03.n3
nif,Vocabularies,https://lov.linkeddata.es/dataset/lov/vocabs/nif/versions/2015-01-11.n3
nlon,Catalogs,https://lov.linkeddata.es/dataset/lov/vocabs/nlon/versions/2015-11-23.n3
nno,Methods,https://lov.linkeddata.es/dataset/lov/vocabs/nno/versions/2019-03-22.n3
nno,Support,https://lov.linkeddata.es/dataset/lov/vocabs/nno/versions/2019-03-22.n3
npg,Press,https://lov.linkeddata.es/dataset/lov/vocabs/npg/versions/2015-04-30.n3
nrl,SSDesk,https://lov.linkeddata.es/dataset/lov/vocabs/nrl/versions/2012-08-25.n3
nrv,Methods,https://lov.linkeddata.es/dataset/lov/vocabs/nrv/versions/2017-08-08.n3
nrv,Security,https://lov.linkeddata.es/dataset/lov/vocabs/nrv/versions/2017-08-08.n3
nsl,Press,https://lov.linkeddata.es/dataset/lov/vocabs/nsl/versions/2013-05-01.n3
ntag,Tag,https://lov.linkeddata.es/dataset/lov/vocabs/ntag/versions/2010-09-09.n3
oa,Quality,https://lov.linkeddata.es/dataset/lov/vocabs/oa/versions/2016-11-12.n3
oad,Catalogs,https://lov.linkeddata.es/dataset/lov/vocabs/oad/versions/2013-04-28.n3
oae,Metadata,https://lov.linkeddata.es/dataset/lov/vocabs/oae/versions/2015-03-25.n3
oan,Government,https://lov.linkeddata.es/dataset/lov/vocabs/oan/versions/2012-04-25.n3
obo,Biology,https://lov.linkeddata.es/dataset/lov/vocabs/obo/versions/2015-04-13.n3
obo,Health,https://lov.linkeddata.es/dataset/lov/vocabs/obo/versions/2015-04-13.n3
obsm,Biology,https://lov.linkeddata.es/dataset/lov/vocabs/obsm/versions/2009-02-15.n3
obws,Methods,https://lov.linkeddata.es/dataset/lov/vocabs/obws/versions/2016-04-15.n3
oc,Multimedia,https://lov.linkeddata.es/dataset/lov/vocabs/oc/versions/2005-05-03.n3
ocd,Government,https://lov.linkeddata.es/dataset/lov/vocabs/ocd/versions/2013-05-02.n3
ocds,Contracts,https://lov.linkeddata.es/dataset/lov/vocabs/ocds/versions/2018-07-03.n3
odapp,API,https://lov.linkeddata.es/dataset/lov/vocabs/odapp/versions/2012-07-17.n3
odapps,RDF,https://lov.linkeddata.es/dataset/lov/vocabs/odapps/versions/2014-06-16.n3
odpart,Support,https://lov.linkeddata.es/dataset/lov/vocabs/odpart/versions/2011-01-30.n3
odrl,Metadata,https://lov.linkeddata.es/dataset/lov/vocabs/odrl/versions/2015-01-18.n3
odrs,Quality,https://lov.linkeddata.es/dataset/lov/vocabs/odrs/versions/2013-07-29.n3
odv,Methods,https://lov.linkeddata.es/dataset/lov/vocabs/odv/versions/2011-06-11.n3
oecc,Metadata,https://lov.linkeddata.es/dataset/lov/vocabs/oecc/versions/2009-08-20.n3
of,Industry,https://lov.linkeddata.es/dataset/lov/vocabs/of/versions/2015-01-11.n3
of,IoT,https://lov.linkeddata.es/dataset/lov/vocabs/of/versions/2015-01-11.n3
ofrd,Industry,https://lov.linkeddata.es/dataset/lov/vocabs/ofrd/versions/2014-08-18.n3
og,API,https://lov.linkeddata.es/dataset/lov/vocabs/og/versions/2013-02-16.n3
oh,Time,https://lov.linkeddata.es/dataset/lov/vocabs/oh/versions/2015-05-22.n3
olca,Metadata,https://lov.linkeddata.es/dataset/lov/vocabs/olca/versions/2013-02-07.n3
olo,Support,https://lov.linkeddata.es/dataset/lov/vocabs/olo/versions/2010-07-23.n3
om,Geography,https://lov.linkeddata.es/dataset/lov/vocabs/om/versions/2014-06-19.n3
oml,Geography,https://lov.linkeddata.es/dataset/lov/vocabs/oml/versions/2016-01-20.n3
omn,Services,https://lov.linkeddata.es/dataset/lov/vocabs/omn/versions/2015-04-04.n3
omnfed,Industry,https://lov.linkeddata.es/dataset/lov/vocabs/omnfed/versions/2015-04-04.n3
omnfed,Society,https://lov.linkeddata.es/dataset/lov/vocabs/omnfed/versions/2015-04-04.n3
omnlc,PLM,https://lov.linkeddata.es/dataset/lov/vocabs/omnlc/versions/2015-04-08.n3
onc,Methods,https://lov.linkeddata.es/dataset/lov/vocabs/onc/versions/2015-03-25.n3
ont,Metadata,https://lov.linkeddata.es/dataset/lov/vocabs/ont/versions/2007-11-07.n3
ontopic,Vocabularies,https://lov.linkeddata.es/dataset/lov/vocabs/ontopic/versions/2010-02-05.n3
ontosec,Security,https://lov.linkeddata.es/dataset/lov/vocabs/ontosec/versions/2013-05-22.n3
onyx,Support,https://lov.linkeddata.es/dataset/lov/vocabs/onyx/versions/2015-01-11.n3
oo,Society,https://lov.linkeddata.es/dataset/lov/vocabs/oo/versions/2013-04-17.n3
op,Methods,https://lov.linkeddata.es/dataset/lov/vocabs/op/versions/2016-02-28.n3
opmo,Quality,https://lov.linkeddata.es/dataset/lov/vocabs/opmo/versions/2015-01-11.n3
opmv,Quality,https://lov.linkeddata.es/dataset/lov/vocabs/opmv/versions/2010-10-06.n3
opmw,Methods,https://lov.linkeddata.es/dataset/lov/vocabs/opmw/versions/2014-12-22.n3
opo,People,https://lov.linkeddata.es/dataset/lov/vocabs/opo/versions/2010-07-01.n3
opus,Catalogs,https://lov.linkeddata.es/dataset/lov/vocabs/opus/versions/2007-05-01.n3
orca,Metadata,https://lov.linkeddata.es/dataset/lov/vocabs/orca/versions/2012-11-09.n3
ore,Catalogs,https://lov.linkeddata.es/dataset/lov/vocabs/ore/versions/2008-10-17.n3
org,W3C Rec,https://lov.linkeddata.es/dataset/lov/vocabs/org/versions/2014-04-12.n3
orges,Government,https://lov.linkeddata.es/dataset/lov/vocabs/orges/versions/2015-02-19.n3
osadm,Geography,https://lov.linkeddata.es/dataset/lov/vocabs/osadm/versions/2013-09-04.n3
osgeom,Geometry,https://lov.linkeddata.es/dataset/lov/vocabs/osgeom/versions/2012-10-08.n3
oslc,PLM,https://lov.linkeddata.es/dataset/lov/vocabs/oslc/versions/2014-05-23.n3
oslo,Society,https://lov.linkeddata.es/dataset/lov/vocabs/oslo/versions/2014-05-30.n3
osp,Society,https://lov.linkeddata.es/dataset/lov/vocabs/osp/versions/2013-03-07.n3
osr,Geography,https://lov.linkeddata.es/dataset/lov/vocabs/osr/versions/2014-06-19.n3
osspr,Geometry,https://lov.linkeddata.es/dataset/lov/vocabs/osspr/versions/2013-09-04.n3
ostop,Geography,https://lov.linkeddata.es/dataset/lov/vocabs/ostop/versions/2008-02-24.n3
ov,General & Upper,https://lov.linkeddata.es/dataset/lov/vocabs/ov/versions/2011-11-25.n3
owl,W3C Rec,https://lov.linkeddata.es/dataset/lov/vocabs/owl/versions/2009-11-15.n3
p-plan,Methods,https://lov.linkeddata.es/dataset/lov/vocabs/p-plan/versions/2014-03-12.n3
parl,Government,https://lov.linkeddata.es/dataset/lov/vocabs/parl/versions/2010-06-17.n3
part,Society,https://lov.linkeddata.es/dataset/lov/vocabs/part/versions/2008-09-25.n3
passim,Travel,https://lov.linkeddata.es/dataset/lov/vocabs/passim/versions/2014-07-22.n3
pat,RDF,https://lov.linkeddata.es/dataset/lov/vocabs/pat/versions/2015-01-20.n3
pattern,Catalogs,https://lov.linkeddata.es/dataset/lov/vocabs/pattern/versions/2013-07-16.n3
pav,Quality,https://lov.linkeddata.es/dataset/lov/vocabs/pav/versions/2014-08-28.n3
pay,Contracts,https://lov.linkeddata.es/dataset/lov/vocabs/pay/versions/2010-11-16.n3
pbo,Music,https://lov.linkeddata.es/dataset/lov/vocabs/pbo/versions/2010-09-13.n3
pc,Contracts,https://lov.linkeddata.es/dataset/lov/vocabs/pc/versions/2012-10-10.n3
pdo,Society,https://lov.linkeddata.es/dataset/lov/vocabs/pdo/versions/2010-07-09.n3
pep,Industry,https://lov.linkeddata.es/dataset/lov/vocabs/pep/versions/2016-07-01.n3
pep,Methods,https://lov.linkeddata.es/dataset/lov/vocabs/pep/versions/2016-07-01.n3
pep,Services,https://lov.linkeddata.es/dataset/lov/vocabs/pep/versions/2016-07-01.n3
person,People,https://lov.linkeddata.es/dataset/lov/vocabs/person/versions/2014-06-19.n3
pext,PROTON,https://lov.linkeddata.es/dataset/lov/vocabs/pext/versions/2014-01-28.n3
phdd,CSV,https://lov.linkeddata.es/dataset/lov/vocabs/phdd/versions/2014-05-25.n3
place,Geography,https://lov.linkeddata.es/dataset/lov/vocabs/place/versions/2010-11-27.n3
plink,People,https://lov.linkeddata.es/dataset/lov/vocabs/plink/versions/2015-02-14.n3
plo,Music,https://lov.linkeddata.es/dataset/lov/vocabs/plo/versions/2014-08-26.n3
pmlp,Quality,https://lov.linkeddata.es/dataset/lov/vocabs/pmlp/versions/2015-01-11.n3
pmofn,Tag,https://lov.linkeddata.es/dataset/lov/vocabs/pmofn/versions/2017-08-23.n3
pmonb,Tag,https://lov.linkeddata.es/dataset/lov/vocabs/pmonb/versions/2015-10-28.n3
pmopb,Tag,https://lov.linkeddata.es/dataset/lov/vocabs/pmopb/versions/2015-10-28.n3
pmovn,Tag,https://lov.linkeddata.es/dataset/lov/vocabs/pmovn/versions/2015-10-28.n3
pna,Press,https://lov.linkeddata.es/dataset/lov/vocabs/pna/versions/2012-01-11.n3
pnc,Catalogs,https://lov.linkeddata.es/dataset/lov/vocabs/pnc/versions/2012-09-25.n3
pne,Press,https://lov.linkeddata.es/dataset/lov/vocabs/pne/versions/2012-04-20.n3
pni,Support,https://lov.linkeddata.es/dataset/lov/vocabs/pni/versions/2012-03-21.n3
pns,Press,https://lov.linkeddata.es/dataset/lov/vocabs/pns/versions/2012-06-18.n3
pnt,Tag,https://lov.linkeddata.es/dataset/lov/vocabs/pnt/versions/2011-10-03.n3
po,Multimedia,https://lov.linkeddata.es/dataset/lov/vocabs/po/versions/2010-02-20.n3
poder,People,https://lov.linkeddata.es/dataset/lov/vocabs/poder/versions/2012-05-17.n3
postcode,Geography,https://lov.linkeddata.es/dataset/lov/vocabs/postcode/versions/2013-09-04.n3
poste,Society,https://lov.linkeddata.es/dataset/lov/vocabs/poste/versions/2014-05-21.n3
ppo,API,https://lov.linkeddata.es/dataset/lov/vocabs/ppo/versions/2013-11-13.n3
pproc,Contracts,https://lov.linkeddata.es/dataset/lov/vocabs/pproc/versions/2015-01-11.n3
pr,RDF,https://lov.linkeddata.es/dataset/lov/vocabs/pr/versions/2011-02-19.n3
premis,Catalogs,https://lov.linkeddata.es/dataset/lov/vocabs/premis/versions/2012-09-14.n3
prissma,API,https://lov.linkeddata.es/dataset/lov/vocabs/prissma/versions/2012-03-20.n3
pro,SPAR,https://lov.linkeddata.es/dataset/lov/vocabs/pro/versions/2013-12-18.n3
prog,Events,https://lov.linkeddata.es/dataset/lov/vocabs/prog/versions/2009-11-01.n3
prov,W3C Rec,https://lov.linkeddata.es/dataset/lov/vocabs/prov/versions/2015-01-11.n3
provoc,eBusiness,https://lov.linkeddata.es/dataset/lov/vocabs/provoc/versions/2016-02-18.n3
prv,Quality,https://lov.linkeddata.es/dataset/lov/vocabs/prv/versions/2012-03-14.n3
prvt,Quality,https://lov.linkeddata.es/dataset/lov/vocabs/prvt/versions/2012-03-14.n3
pso,SPAR,https://lov.linkeddata.es/dataset/lov/vocabs/pso/versions/2014-02-01.n3
ptop,PROTON,https://lov.linkeddata.es/dataset/lov/vocabs/ptop/versions/2012-02-13.n3
pubsub,API,https://lov.linkeddata.es/dataset/lov/vocabs/pubsub/versions/2016-07-12.n3
pubsub,Services,https://lov.linkeddata.es/dataset/lov/vocabs/pubsub/versions/2016-07-12.n3
pwo,SPAR,https://lov.linkeddata.es/dataset/lov/vocabs/pwo/versions/2015-06-18.n3
qb,Methods,https://lov.linkeddata.es/dataset/lov/vocabs/qb/versions/2014-07-31.n3
qb,W3C Rec,https://lov.linkeddata.es/dataset/lov/vocabs/qb/versions/2014-07-31.n3
qb4o,Catalogs,https://lov.linkeddata.es/dataset/lov/vocabs/qb4o/versions/2015-07-11.n3
qu,Methods,https://lov.linkeddata.es/dataset/lov/vocabs/qu/versions/2011-06-20.n3
qudt,Methods,https://lov.linkeddata.es/dataset/lov/vocabs/qudt/versions/2016-10-09.n3
r4r,Quality,https://lov.linkeddata.es/dataset/lov/vocabs/r4r/versions/2015-03-11.n3
r4r,Support,https://lov.linkeddata.es/dataset/lov/vocabs/r4r/versions/2015-03-11.n3
radion,Metadata,https://lov.linkeddata.es/dataset/lov/vocabs/radion/versions/2012-10-11.n3
rami,Industry,https://lov.linkeddata.es/dataset/lov/vocabs/rami/versions/2015-11-30.n3
raul,API,https://lov.linkeddata.es/dataset/lov/vocabs/raul/versions/2013-02-22.n3
rdaa,FRBR,https://lov.linkeddata.es/dataset/lov/vocabs/rdaa/versions/2015-12-31.n3
rdac,FRBR,https://lov.linkeddata.es/dataset/lov/vocabs/rdac/versions/2015-12-31.n3
rdae,FRBR,https://lov.linkeddata.es/dataset/lov/vocabs/rdae/versions/2014-07-30.n3
rdafrbr,FRBR,https://lov.linkeddata.es/dataset/lov/vocabs/rdafrbr/versions/2012-03-26.n3
rdag1,Metadata,https://lov.linkeddata.es/dataset/lov/vocabs/rdag1/versions/2012-08-30.n3
rdag2,Metadata,https://lov.linkeddata.es/dataset/lov/vocabs/rdag2/versions/2011-10-13.n3
rdag3,Metadata,https://lov.linkeddata.es/dataset/lov/vocabs/rdag3/versions/2011-08-01.n3
rdai,FRBR,https://lov.linkeddata.es/dataset/lov/vocabs/rdai/versions/2015-12-31.n3
rdam,FRBR,https://lov.linkeddata.es/dataset/lov/vocabs/rdam/versions/2015-12-31.n3
rdarel,Metadata,https://lov.linkeddata.es/dataset/lov/vocabs/rdarel/versions/2012-03-09.n3
rdarel2,People,https://lov.linkeddata.es/dataset/lov/vocabs/rdarel2/versions/2013-04-15.n3
rdarole,FRBR,https://lov.linkeddata.es/dataset/lov/vocabs/rdarole/versions/2015-01-11.n3
rdau,FRBR,https://lov.linkeddata.es/dataset/lov/vocabs/rdau/versions/2015-12-30.n3
rdaw,FRBR,https://lov.linkeddata.es/dataset/lov/vocabs/rdaw/versions/2015-12-31.n3
rdf,W3C Rec,https://lov.linkeddata.es/dataset/lov/vocabs/rdf/versions/2014-02-25.n3
rdfa,RDF,https://lov.linkeddata.es/dataset/lov/vocabs/rdfa/versions/2013-03-11.n3
rdfg,RDF,https://lov.linkeddata.es/dataset/lov/vocabs/rdfg/versions/2004-12-31.n3
rdfp,API,https://lov.linkeddata.es/dataset/lov/vocabs/rdfp/versions/2016-08-31.n3
rdfp,RDF,https://lov.linkeddata.es/dataset/lov/vocabs/rdfp/versions/2016-08-31.n3
rdfs,W3C Rec,https://lov.linkeddata.es/dataset/lov/vocabs/rdfs/versions/2014-02-25.n3
rec,Rec,https://lov.linkeddata.es/dataset/lov/vocabs/rec/versions/2010-08-02.n3
rec54,Metadata,https://lov.linkeddata.es/dataset/lov/vocabs/rec54/versions/2014-06-12.n3
reco,Methods,https://lov.linkeddata.es/dataset/lov/vocabs/reco/versions/2011-08-01.n3
reco,RDF,https://lov.linkeddata.es/dataset/lov/vocabs/reco/versions/2011-08-01.n3
reegle,Environment,https://lov.linkeddata.es/dataset/lov/vocabs/reegle/versions/2014-06-10.n3
rel,People,https://lov.linkeddata.es/dataset/lov/vocabs/rel/versions/2010-04-19.n3
remetca,SPAR,https://lov.linkeddata.es/dataset/lov/vocabs/remetca/versions/2014-10-14.n3
rev,Rec,https://lov.linkeddata.es/dataset/lov/vocabs/rev/versions/2007-11-08.n3
rlog,API,https://lov.linkeddata.es/dataset/lov/vocabs/rlog/versions/2015-04-01.n3
ro,Metadata,https://lov.linkeddata.es/dataset/lov/vocabs/ro/versions/2013-11-30.n3
rooms,Environment,https://lov.linkeddata.es/dataset/lov/vocabs/rooms/versions/2012-10-02.n3
rooms,Geography,https://lov.linkeddata.es/dataset/lov/vocabs/rooms/versions/2012-10-02.n3
rov,Society,https://lov.linkeddata.es/dataset/lov/vocabs/rov/versions/2013-12-21.n3
rr,RDF,https://lov.linkeddata.es/dataset/lov/vocabs/rr/versions/2012-07-16.n3
rsctx,API,https://lov.linkeddata.es/dataset/lov/vocabs/rsctx/versions/2017-01-17.n3
rsctx,Services,https://lov.linkeddata.es/dataset/lov/vocabs/rsctx/versions/2017-01-17.n3
rss,API,https://lov.linkeddata.es/dataset/lov/vocabs/rss/versions/2000-12-06.n3
ru,Metadata,https://lov.linkeddata.es/dataset/lov/vocabs/ru/versions/2009-04-08.n3
ruto,Quality,https://lov.linkeddata.es/dataset/lov/vocabs/ruto/versions/2014-01-10.n3
s4ac,API,https://lov.linkeddata.es/dataset/lov/vocabs/s4ac/versions/2011-10-06.n3
s4ee,Environment,https://lov.linkeddata.es/dataset/lov/vocabs/s4ee/versions/2015-09-04.n3
s4ee,Services,https://lov.linkeddata.es/dataset/lov/vocabs/s4ee/versions/2015-09-04.n3
sam,Methods,https://lov.linkeddata.es/dataset/lov/vocabs/sam/versions/2014-08-28.n3
samfl,Geography,https://lov.linkeddata.es/dataset/lov/vocabs/samfl/versions/2015-11-17.n3
san-lod,Catalogs,https://lov.linkeddata.es/dataset/lov/vocabs/san-lod/versions/2015-03-02.n3
sao,Metadata,https://lov.linkeddata.es/dataset/lov/vocabs/sao/versions/2009-06-16.n3
saref,Industry,https://lov.linkeddata.es/dataset/lov/vocabs/saref/versions/2015-04-01.n3
saref,IoT,https://lov.linkeddata.es/dataset/lov/vocabs/saref/versions/2015-04-01.n3
saref,Services,https://lov.linkeddata.es/dataset/lov/vocabs/saref/versions/2015-04-01.n3
saws,Catalogs,https://lov.linkeddata.es/dataset/lov/vocabs/saws/versions/2013-06-07.n3
schema,General & Upper,https://lov.linkeddata.es/dataset/lov/vocabs/schema/versions/2019-05-01.n3
scip,Academy,https://lov.linkeddata.es/dataset/lov/vocabs/scip/versions/2012-07-03.n3
scoro,Academy,https://lov.linkeddata.es/dataset/lov/vocabs/scoro/versions/2014-05-21.n3
scot,Tag,https://lov.linkeddata.es/dataset/lov/vocabs/scot/versions/2012-08-13.n3
scovo,Methods,https://lov.linkeddata.es/dataset/lov/vocabs/scovo/versions/2012-08-09.n3
scsv,CSV,https://lov.linkeddata.es/dataset/lov/vocabs/scsv/versions/2012-05-22.n3
sd,W3C Rec,https://lov.linkeddata.es/dataset/lov/vocabs/sd/versions/2013-03-21.n3
sdmx,Methods,https://lov.linkeddata.es/dataset/lov/vocabs/sdmx/versions/2010-07-22.n3
sdmx-code,Methods,https://lov.linkeddata.es/dataset/lov/vocabs/sdmx-code/versions/2010-07-21.n3
sdmx-dimension,Methods,https://lov.linkeddata.es/dataset/lov/vocabs/sdmx-dimension/versions/2010-07-22.n3
sdo,Catalogs,https://lov.linkeddata.es/dataset/lov/vocabs/sdo/versions/2009-06-16.n3
search,API,https://lov.linkeddata.es/dataset/lov/vocabs/search/versions/2013-02-22.n3
seas,Industry,https://lov.linkeddata.es/dataset/lov/vocabs/seas/versions/2016-05-25.n3
seas-eval,Methods,https://lov.linkeddata.es/dataset/lov/vocabs/seas-eval/versions/2016-09-21.n3
seas-eval,Support,https://lov.linkeddata.es/dataset/lov/vocabs/seas-eval/versions/2016-09-21.n3
seas-op,Industry,https://lov.linkeddata.es/dataset/lov/vocabs/seas-op/versions/2016-07-24.n3
seas-qudt,Industry,https://lov.linkeddata.es/dataset/lov/vocabs/seas-qudt/versions/2016-09-19.n3
seas-stats,Industry,https://lov.linkeddata.es/dataset/lov/vocabs/seas-stats/versions/2016-07-21.n3
seas-stats,Methods,https://lov.linkeddata.es/dataset/lov/vocabs/seas-stats/versions/2016-07-21.n3
seas-sys,Industry,https://lov.linkeddata.es/dataset/lov/vocabs/seas-sys/versions/2016-12-09.n3
seasb,Environment,https://lov.linkeddata.es/dataset/lov/vocabs/seasb/versions/2016-10-30.n3
seasb,Industry,https://lov.linkeddata.es/dataset/lov/vocabs/seasb/versions/2016-10-30.n3
seasb,IoT,https://lov.linkeddata.es/dataset/lov/vocabs/seasb/versions/2016-10-30.n3
seasbo,Environment,https://lov.linkeddata.es/dataset/lov/vocabs/seasbo/versions/2016-01-26.n3
seasbo,Society,https://lov.linkeddata.es/dataset/lov/vocabs/seasbo/versions/2016-01-26.n3
seasd,Environment,https://lov.linkeddata.es/dataset/lov/vocabs/seasd/versions/2016-05-10.n3
seasd,Industry,https://lov.linkeddata.es/dataset/lov/vocabs/seasd/versions/2016-05-10.n3
seasd,IoT,https://lov.linkeddata.es/dataset/lov/vocabs/seasd/versions/2016-05-10.n3
seasfo,Environment,https://lov.linkeddata.es/dataset/lov/vocabs/seasfo/versions/2017-08-29.n3
seasfo,IoT,https://lov.linkeddata.es/dataset/lov/vocabs/seasfo/versions/2017-08-29.n3
seast,Environment,https://lov.linkeddata.es/dataset/lov/vocabs/seast/versions/2016-07-05.n3
seast,Industry,https://lov.linkeddata.es/dataset/lov/vocabs/seast/versions/2016-07-05.n3
seast,IoT,https://lov.linkeddata.es/dataset/lov/vocabs/seast/versions/2016-07-05.n3
seast,Time,https://lov.linkeddata.es/dataset/lov/vocabs/seast/versions/2016-07-05.n3
seasto,Environment,https://lov.linkeddata.es/dataset/lov/vocabs/seasto/versions/2016-11-15.n3
seasto,Industry,https://lov.linkeddata.es/dataset/lov/vocabs/seasto/versions/2016-11-15.n3
seasto,Services,https://lov.linkeddata.es/dataset/lov/vocabs/seasto/versions/2016-11-15.n3
security,Security,https://lov.linkeddata.es/dataset/lov/vocabs/security/versions/2015-03-27.n3
sem,Events,https://lov.linkeddata.es/dataset/lov/vocabs/sem/versions/2009-11-30.n3
semio,Vocabularies,https://lov.linkeddata.es/dataset/lov/vocabs/semio/versions/2015-01-11.n3
semsur,Methods,https://lov.linkeddata.es/dataset/lov/vocabs/semsur/versions/2018-04-20.n3
seo,Academy,https://lov.linkeddata.es/dataset/lov/vocabs/seo/versions/2018-03-28.n3
seo,Events,https://lov.linkeddata.es/dataset/lov/vocabs/seo/versions/2018-03-28.n3
seq,Support,https://lov.linkeddata.es/dataset/lov/vocabs/seq/versions/2011-01-30.n3
service,Services,https://lov.linkeddata.es/dataset/lov/vocabs/service/versions/2013-11-24.n3
sf,Geometry,https://lov.linkeddata.es/dataset/lov/vocabs/sf/versions/2012-09-11.n3
sh,Quality,https://lov.linkeddata.es/dataset/lov/vocabs/sh/versions/2017-07-20.n3
sh,W3C Rec,https://lov.linkeddata.es/dataset/lov/vocabs/sh/versions/2017-07-20.n3
shoah,People,https://lov.linkeddata.es/dataset/lov/vocabs/shoah/versions/2014-01-01.n3
shw,Environment,https://lov.linkeddata.es/dataset/lov/vocabs/shw/versions/2014-03-23.n3
shw,IoT,https://lov.linkeddata.es/dataset/lov/vocabs/shw/versions/2014-03-23.n3
sim,Support,https://lov.linkeddata.es/dataset/lov/vocabs/sim/versions/2010-03-10.n3
sio,Biology,https://lov.linkeddata.es/dataset/lov/vocabs/sio/versions/2016-09-27.n3
sioc,Society,https://lov.linkeddata.es/dataset/lov/vocabs/sioc/versions/2010-03-25.n3
situ,Events,https://lov.linkeddata.es/dataset/lov/vocabs/situ/versions/2015-01-11.n3
skos,W3C Rec,https://lov.linkeddata.es/dataset/lov/vocabs/skos/versions/2009-08-18.n3
skosxl,W3C Rec,https://lov.linkeddata.es/dataset/lov/vocabs/skosxl/versions/2009-08-18.n3
smg,Industry,https://lov.linkeddata.es/dataset/lov/vocabs/smg/versions/2014-05-22.n3
snarm,API,https://lov.linkeddata.es/dataset/lov/vocabs/snarm/versions/2011-09-02.n3
solid,General & Upper,https://lov.linkeddata.es/dataset/lov/vocabs/solid/versions/2018-01-24.n3
solid,Services,https://lov.linkeddata.es/dataset/lov/vocabs/solid/versions/2018-01-24.n3
sor,People,https://lov.linkeddata.es/dataset/lov/vocabs/sor/versions/2015-05-12.n3
sosa,Environment,https://lov.linkeddata.es/dataset/lov/vocabs/sosa/versions/2017-04-17.n3
sosa,IoT,https://lov.linkeddata.es/dataset/lov/vocabs/sosa/versions/2017-04-17.n3
sp,RDF,https://lov.linkeddata.es/dataset/lov/vocabs/sp/versions/2013-09-13.n3
spatial,Geometry,https://lov.linkeddata.es/dataset/lov/vocabs/spatial/versions/2012-02-05.n3
spcm,PLM,https://lov.linkeddata.es/dataset/lov/vocabs/spcm/versions/2014-01-09.n3
spfood,Food,https://lov.linkeddata.es/dataset/lov/vocabs/spfood/versions/2015-01-11.n3
spin,RDF,https://lov.linkeddata.es/dataset/lov/vocabs/spin/versions/2014-08-28.n3
sport,Events,https://lov.linkeddata.es/dataset/lov/vocabs/sport/versions/2016-01-01.n3
spt,IoT,https://lov.linkeddata.es/dataset/lov/vocabs/spt/versions/2014-01-14.n3
spt,Methods,https://lov.linkeddata.es/dataset/lov/vocabs/spt/versions/2014-01-14.n3
spvqa,Quality,https://lov.linkeddata.es/dataset/lov/vocabs/spvqa/versions/2017-06-05.n3
spvqa,Tag,https://lov.linkeddata.es/dataset/lov/vocabs/spvqa/versions/2017-06-05.n3
spvqa,Vocabularies,https://lov.linkeddata.es/dataset/lov/vocabs/spvqa/versions/2017-06-05.n3
sql,API,https://lov.linkeddata.es/dataset/lov/vocabs/sql/versions/2014-07-31.n3
sro,Metadata,https://lov.linkeddata.es/dataset/lov/vocabs/sro/versions/2012-07-03.n3
ssn,IoT,https://lov.linkeddata.es/dataset/lov/vocabs/ssn/versions/2011-06-20.n3
ssn,Methods,https://lov.linkeddata.es/dataset/lov/vocabs/ssn/versions/2011-06-20.n3
ssno,IoT,https://lov.linkeddata.es/dataset/lov/vocabs/ssno/versions/2017-04-17.n3
ssso,Services,https://lov.linkeddata.es/dataset/lov/vocabs/ssso/versions/2014-07-02.n3
st,Society,https://lov.linkeddata.es/dataset/lov/vocabs/st/versions/2015-09-13.n3
st,Travel,https://lov.linkeddata.es/dataset/lov/vocabs/st/versions/2015-09-13.n3
stac,Security,https://lov.linkeddata.es/dataset/lov/vocabs/stac/versions/2013-06-02.n3
step,Geography,https://lov.linkeddata.es/dataset/lov/vocabs/step/versions/2015-11-03.n3
step,Time,https://lov.linkeddata.es/dataset/lov/vocabs/step/versions/2015-11-03.n3
sto,Industry,https://lov.linkeddata.es/dataset/lov/vocabs/sto/versions/2017-01-25.n3
stories,Events,https://lov.linkeddata.es/dataset/lov/vocabs/stories/versions/2013-05-16.n3
summa,API,https://lov.linkeddata.es/dataset/lov/vocabs/summa/versions/2015-04-11.n3
swc,Academy,https://lov.linkeddata.es/dataset/lov/vocabs/swc/versions/2009-05-11.n3
swc,Society,https://lov.linkeddata.es/dataset/lov/vocabs/swc/versions/2009-05-11.n3
swp,RDF,https://lov.linkeddata.es/dataset/lov/vocabs/swp/versions/2004-03-01.n3
swpm,PLM,https://lov.linkeddata.es/dataset/lov/vocabs/swpm/versions/2013-12-15.n3
swpo,Society,https://lov.linkeddata.es/dataset/lov/vocabs/swpo/versions/2004-10-20.n3
swrc,Academy,https://lov.linkeddata.es/dataset/lov/vocabs/swrc/versions/2007-06-22.n3
swrl,Vocabularies,https://lov.linkeddata.es/dataset/lov/vocabs/swrl/versions/2004-05-21.n3
tac,API,https://lov.linkeddata.es/dataset/lov/vocabs/tac/versions/2011-09-15.n3
tag,Tag,https://lov.linkeddata.es/dataset/lov/vocabs/tag/versions/2005-12-21.n3
tao,Quality,https://lov.linkeddata.es/dataset/lov/vocabs/tao/versions/2013-02-22.n3
taxon,Biology,https://lov.linkeddata.es/dataset/lov/vocabs/taxon/versions/2013-03-18.n3
te,Time,https://lov.linkeddata.es/dataset/lov/vocabs/te/versions/2012-08-31.n3
teach,Academy,https://lov.linkeddata.es/dataset/lov/vocabs/teach/versions/2013-04-25.n3
test,Quality,https://lov.linkeddata.es/dataset/lov/vocabs/test/versions/2005-09-14.n3
theatre,Events,https://lov.linkeddata.es/dataset/lov/vocabs/theatre/versions/2013-04-18.n3
thors,Time,https://lov.linkeddata.es/dataset/lov/vocabs/thors/versions/2017-04-28.n3
ti,Time,https://lov.linkeddata.es/dataset/lov/vocabs/ti/versions/2015-01-11.n3
time,Time,https://lov.linkeddata.es/dataset/lov/vocabs/time/versions/2017-04-06.n3
tio,eBusiness,https://lov.linkeddata.es/dataset/lov/vocabs/tio/versions/2010-11-17.n3
tis,Events,https://lov.linkeddata.es/dataset/lov/vocabs/tis/versions/2015-01-11.n3
tisc,Events,https://lov.linkeddata.es/dataset/lov/vocabs/tisc/versions/2014-07-11.n3
tl,Time,https://lov.linkeddata.es/dataset/lov/vocabs/tl/versions/2007-10-29.n3
tm,Time,https://lov.linkeddata.es/dataset/lov/vocabs/tm/versions/2014-08-13.n3
tmo,Health,https://lov.linkeddata.es/dataset/lov/vocabs/tmo/versions/2012-07-03.n3
topo,Geography,https://lov.linkeddata.es/dataset/lov/vocabs/topo/versions/2014-04-12.n3
tp,Events,https://lov.linkeddata.es/dataset/lov/vocabs/tp/versions/2015-06-08.n3
tp,Travel,https://lov.linkeddata.es/dataset/lov/vocabs/tp/versions/2015-06-08.n3
traffic,Industry,https://lov.linkeddata.es/dataset/lov/vocabs/traffic/versions/2014-05-16.n3
trait,Multimedia,https://lov.linkeddata.es/dataset/lov/vocabs/trait/versions/2005-05-11.n3
transit,Travel,https://lov.linkeddata.es/dataset/lov/vocabs/transit/versions/2011-03-28.n3
trao,Services,https://lov.linkeddata.es/dataset/lov/vocabs/trao/versions/2015-06-17.n3
trao,Transport,https://lov.linkeddata.es/dataset/lov/vocabs/trao/versions/2015-06-17.n3
trao,Travel,https://lov.linkeddata.es/dataset/lov/vocabs/trao/versions/2015-06-17.n3
tsioc,Society,https://lov.linkeddata.es/dataset/lov/vocabs/tsioc/versions/2010-03-25.n3
tsn,Geography,https://lov.linkeddata.es/dataset/lov/vocabs/tsn/versions/2017-01-31.n3
tsn,Geometry,https://lov.linkeddata.es/dataset/lov/vocabs/tsn/versions/2017-01-31.n3
tsn,Government,https://lov.linkeddata.es/dataset/lov/vocabs/tsn/versions/2017-01-31.n3
tsnc,Geography,https://lov.linkeddata.es/dataset/lov/vocabs/tsnc/versions/2017-05-15.n3
tsnc,Geometry,https://lov.linkeddata.es/dataset/lov/vocabs/tsnc/versions/2017-05-15.n3
tsnc,Government,https://lov.linkeddata.es/dataset/lov/vocabs/tsnc/versions/2017-05-15.n3
tsnc,Metadata,https://lov.linkeddata.es/dataset/lov/vocabs/tsnc/versions/2017-05-15.n3
turismo,Travel,https://lov.linkeddata.es/dataset/lov/vocabs/turismo/versions/2007-11-02.n3
tvc,Time,https://lov.linkeddata.es/dataset/lov/vocabs/tvc/versions/2012-06-08.n3
txn,Biology,https://lov.linkeddata.es/dataset/lov/vocabs/txn/versions/2013-05-20.n3
tzont,Time,https://lov.linkeddata.es/dataset/lov/vocabs/tzont/versions/2006-12-31.n3
uby,Support,https://lov.linkeddata.es/dataset/lov/vocabs/uby/versions/2015-10-04.n3
uby,Tag,https://lov.linkeddata.es/dataset/lov/vocabs/uby/versions/2015-10-04.n3
uco,eBusiness,https://lov.linkeddata.es/dataset/lov/vocabs/uco/versions/2012-12-31.n3
ucum,General & Upper,https://lov.linkeddata.es/dataset/lov/vocabs/ucum/versions/2008-01-01.n3
ui,Support,https://lov.linkeddata.es/dataset/lov/vocabs/ui/versions/2014-02-26.n3
umbel,General & Upper,https://lov.linkeddata.es/dataset/lov/vocabs/umbel/versions/2014-08-28.n3
uneskos,RDF,https://lov.linkeddata.es/dataset/lov/vocabs/uneskos/versions/2015-09-10.n3
uniprot,Biology,https://lov.linkeddata.es/dataset/lov/vocabs/uniprot/versions/2012-10-03.n3
uri4uri,API,https://lov.linkeddata.es/dataset/lov/vocabs/uri4uri/versions/2013-04-01.n3
va,Methods,https://lov.linkeddata.es/dataset/lov/vocabs/va/versions/2014-03-24.n3
vaem,Metadata,https://lov.linkeddata.es/dataset/lov/vocabs/vaem/versions/2014-08-11.n3
vag,Support,https://lov.linkeddata.es/dataset/lov/vocabs/vag/versions/2013-11-28.n3
vann,Metadata,https://lov.linkeddata.es/dataset/lov/vocabs/vann/versions/2010-06-07.n3
vcard,People,https://lov.linkeddata.es/dataset/lov/vocabs/vcard/versions/2014-05-22.n3
vdpp,Quality,https://lov.linkeddata.es/dataset/lov/vocabs/vdpp/versions/2011-03-27.n3
veo,Environment,https://lov.linkeddata.es/dataset/lov/vocabs/veo/versions/2014-09-01.n3
veo,Industry,https://lov.linkeddata.es/dataset/lov/vocabs/veo/versions/2014-09-01.n3
vgo,Games,https://lov.linkeddata.es/dataset/lov/vocabs/vgo/versions/2015-05-05.n3
vin,Food,https://lov.linkeddata.es/dataset/lov/vocabs/vin/versions/2003-12-09.n3
vivo,Academy,https://lov.linkeddata.es/dataset/lov/vocabs/vivo/versions/2014-07-12.n3
vmm,PLM,https://lov.linkeddata.es/dataset/lov/vocabs/vmm/versions/2013-12-15.n3
voaf,Metadata,https://lov.linkeddata.es/dataset/lov/vocabs/voaf/versions/2013-05-24.n3
voag,Quality,https://lov.linkeddata.es/dataset/lov/vocabs/voag/versions/2012-11-01.n3
vocals,IoT,https://lov.linkeddata.es/dataset/lov/vocabs/vocals/versions/2017-12-10.n3
void,Metadata,https://lov.linkeddata.es/dataset/lov/vocabs/void/versions/2011-03-06.n3
voidwh,Metadata,https://lov.linkeddata.es/dataset/lov/vocabs/voidwh/versions/2014-07-19.n3
vra,Image,https://lov.linkeddata.es/dataset/lov/vocabs/vra/versions/2003-10-14.n3
vrank,Methods,https://lov.linkeddata.es/dataset/lov/vocabs/vrank/versions/2014-06-10.n3
vs,Metadata,https://lov.linkeddata.es/dataset/lov/vocabs/vs/versions/2011-12-12.n3
vsearch,Vocabularies,https://lov.linkeddata.es/dataset/lov/vocabs/vsearch/versions/2016-01-16.n3
vso,eBusiness,https://lov.linkeddata.es/dataset/lov/vocabs/vso/versions/2010-10-02.n3
vvo,Industry,https://lov.linkeddata.es/dataset/lov/vocabs/vvo/versions/2010-10-12.n3
vvo,eBusiness,https://lov.linkeddata.es/dataset/lov/vocabs/vvo/versions/2010-10-12.n3
w3c-ssn,Environment,https://lov.linkeddata.es/dataset/lov/vocabs/w3c-ssn/versions/2016-12-07.n3
w3c-ssn,IoT,https://lov.linkeddata.es/dataset/lov/vocabs/w3c-ssn/versions/2016-12-07.n3
wai,People,https://lov.linkeddata.es/dataset/lov/vocabs/wai/versions/2010-10-11.n3
wdrs,API,https://lov.linkeddata.es/dataset/lov/vocabs/wdrs/versions/2010-11-08.n3
wf-invoc,Methods,https://lov.linkeddata.es/dataset/lov/vocabs/wf-invoc/versions/2013-05-17.n3
wfdesc,PLM,https://lov.linkeddata.es/dataset/lov/vocabs/wfdesc/versions/2016-01-28.n3
wfm,Methods,https://lov.linkeddata.es/dataset/lov/vocabs/wfm/versions/2013-03-15.n3
wfprov,PLM,https://lov.linkeddata.es/dataset/lov/vocabs/wfprov/versions/2015-03-23.n3
whisky,Food,https://lov.linkeddata.es/dataset/lov/vocabs/whisky/versions/2008-09-25.n3
whois,People,https://lov.linkeddata.es/dataset/lov/vocabs/whois/versions/2012-09-16.n3
wi,People,https://lov.linkeddata.es/dataset/lov/vocabs/wi/versions/2010-09-14.n3
wikim,PLM,https://lov.linkeddata.es/dataset/lov/vocabs/wikim/versions/2013-12-15.n3
wl,API,https://lov.linkeddata.es/dataset/lov/vocabs/wl/versions/2013-05-30.n3
wlo,Biology,https://lov.linkeddata.es/dataset/lov/vocabs/wlo/versions/2013-12-18.n3
wo,Methods,https://lov.linkeddata.es/dataset/lov/vocabs/wo/versions/2010-09-14.n3
wot,Quality,https://lov.linkeddata.es/dataset/lov/vocabs/wot/versions/2004-02-23.n3
wot,Security,https://lov.linkeddata.es/dataset/lov/vocabs/wot/versions/2004-02-23.n3
xapi,API,https://lov.linkeddata.es/dataset/lov/vocabs/xapi/versions/2015-08-13.n3
xbrll,Industry,https://lov.linkeddata.es/dataset/lov/vocabs/xbrll/versions/2016-05-18.n3
xbrll,Services,https://lov.linkeddata.es/dataset/lov/vocabs/xbrll/versions/2016-05-18.n3
xhv,API,https://lov.linkeddata.es/dataset/lov/vocabs/xhv/versions/2010-01-27.n3
xkos,Vocabularies,https://lov.linkeddata.es/dataset/lov/vocabs/xkos/versions/2014-05-20.n3
zbwext,Vocabularies,https://lov.linkeddata.es/dataset/lov/vocabs/zbwext/versions/2017-04-12.n3